2022/01/03,https://www.reddit.com/r/PaymoneyWubby/comments/ruwxe9/day_1_too_anxious_to_take_anything_other_than_a/
2022/01/04,https://www.reddit.com/r/PaymoneyWubby/comments/rvpbsf/day_2/
2022/01/05,https://www.reddit.com/r/PaymoneyWubby/comments/rwlzw2/day_3_same_sweater_dont_judge_me/
2022/01/06,https://www.reddit.com/r/PaymoneyWubby/comments/rxaefx/day_4_cheeky_bathroom_selfie/
2022/01/07,https://www.reddit.com/r/PaymoneyWubby/comments/ry3jc8/day_5_cardio_only_day_in_a_mask/
2022/01/08,https://www.reddit.com/r/PaymoneyWubby/comments/ryycya/day_6_cardio_again/
2022/01/09,https://www.reddit.com/r/PaymoneyWubby/comments/rzt6vz/day_7_first_week_down/
2022/01/10,https://www.reddit.com/r/PaymoneyWubby/comments/s0iubb/day_8_keep_it_up_boys/
2022/01/11,https://www.reddit.com/r/PaymoneyWubby/comments/s1cgtf/day_9_taken_after_i_already_left_i_keep/
2022/01/12,https://www.reddit.com/r/PaymoneyWubby/comments/s24bbd/day_10_alex_is_starting_too_so_lets_go/
2022/01/13,
2022/01/14,
2022/01/15,
